subj_idx,RC,rt,MC,LT,JP,AD,Volume,response
1,B,0.528236878801181,4,Y,L,34,67,1
1,B,0.519272828447356,1,W,L,80,90,1
1,B,0.538637448720692,1,W,L,80,90,1
1,B,0.50352309353184,5,W,R,80,90,1
1,B,0.526115000287973,4,W,R,34,67,1
1,B,0.623712698490635,5,W,R,80,90,1
1,B,0.652874856941708,4,W,R,34,67,1
1,B,0.66064125680532,5,W,R,80,90,1
1,B,0.556072487601341,5,W,R,80,90,1
1,B,0.536178449321596,2,Y,R,34,67,1
1,B,0.519372883041797,1,Y,R,80,90,1
1,B,0.644831729505313,2,Y,R,34,67,1
1,B,0.558588274741851,4,W,R,34,67,1
1,B,0.464221168127551,4,Y,L,34,67,1
1,B,0.520067556382855,4,Y,L,34,67,1
1,B,0.509168516275167,1,W,L,80,90,1
1,B,0.545417724926665,5,Y,L,80,90,1
1,B,0.586408559865959,2,Y,R,34,67,1
1,B,0.611476592483086,2,Y,R,34,67,1
1,B,0.619139632646693,1,Y,R,80,90,1
1,B,0.577849535317,2,Y,R,34,67,1
1,B,0.540140370887457,2,W,L,34,67,1
1,B,0.460552499667756,1,W,L,80,90,1
1,B,0.521095144107676,2,Y,R,34,67,1
1,B,0.502990069955558,1,W,L,80,90,1
1,B,0.452694157742371,2,W,L,34,67,1
1,B,0.535929965388277,4,W,R,34,67,1
1,B,0.420410175762299,2,W,L,34,67,1
1,B,0.502532162443458,4,W,R,34,67,1
1,B,0.455836713304961,5,Y,L,80,90,1
1,B,0.703193003510023,4,W,R,34,67,1
1,B,0.443106043147054,1,W,L,80,90,1
1,B,0.540261157513669,1,Y,R,80,90,1
1,B,0.48626232391689,4,Y,L,34,67,1
1,B,0.476940420643587,4,Y,L,34,67,1
2,B,0.529685416937724,4,W,R,34,67,1
2,B,0.502745492059773,4,Y,L,34,67,1
2,B,0.552880054972945,4,Y,L,34,67,1
2,B,0.487360220276344,2,W,L,34,67,1
2,B,0.469799887806687,5,W,R,80,90,1
2,B,0.62118789742027,1,W,L,80,90,1
2,B,0.477012532063327,5,W,R,80,90,1
2,B,0.911388586505041,2,W,L,34,67,1
2,B,0.544616386779182,5,W,R,80,90,1
2,B,0.50277794219852,1,Y,R,80,90,1
2,B,0.485914686782564,2,Y,R,34,67,1
2,B,0.489477591827153,1,W,L,80,90,1
2,B,0.487207884903,1,Y,R,80,90,1
2,B,1.01430179770762,1,W,L,80,90,1
2,B,0.575424187912745,1,Y,R,80,90,1
2,B,0.575715337768429,2,W,L,34,67,1
2,B,0.519682060752075,2,W,L,34,67,1
2,B,0.572341124271134,5,Y,L,80,90,1
2,B,0.542642036210168,2,W,L,34,67,1
2,B,0.943482975545521,1,W,L,80,90,1
2,B,0.770875579858512,2,Y,R,34,67,1
2,B,0.719447818824847,1,Y,R,80,90,1
2,B,0.573086576068704,4,Y,L,34,67,1
2,B,0.669609213195372,1,Y,R,80,90,1
2,B,0.986416311843413,4,W,R,34,67,1
2,B,1.60777066645676,4,W,R,34,67,1
2,B,0.560994993364261,2,W,L,34,67,1
2,B,0.470214228003897,2,W,L,34,67,1
2,B,0.552945856643191,5,Y,L,80,90,1
2,B,0.629983988260165,2,W,L,34,67,1
2,B,0.453381619941183,2,Y,R,34,67,1
2,B,0.562163498821974,5,W,R,80,90,1
2,B,0.720744622516349,2,W,L,34,67,1
2,B,0.491405670902168,4,W,R,34,67,1
2,B,0.452703472134772,5,Y,L,80,90,1
2,B,0.489042219132671,5,W,R,80,90,1
2,B,0.576538008877606,1,Y,R,80,90,1
2,B,0.559539244085954,4,Y,L,34,67,1
2,B,0.48591949421052,4,W,R,34,67,1
2,B,0.603096043697178,1,W,L,80,90,1
2,B,0.853185356694667,5,W,R,80,90,1
2,B,0.536138487577091,4,Y,L,34,67,1
2,B,0.494698158124038,4,W,R,34,67,1
2,B,0.83652311186006,2,Y,R,34,67,1
2,B,0.705598820737805,5,Y,L,80,90,1
2,B,0.462719748283007,5,Y,L,80,90,1
2,B,0.504807277724694,1,W,L,80,90,1
3,B,0.592779497040567,1,Y,R,80,90,1
3,B,0.493592224258634,5,Y,L,80,90,1
3,B,0.502334525132994,5,Y,R,80,10,0
3,B,0.570531202115205,2,Y,R,34,67,1
3,B,0.551367364720704,1,Y,L,80,10,0
3,B,0.454881170567546,4,Y,R,34,33,0
3,B,0.786259652074591,1,W,R,80,10,0
3,B,0.522293062524454,4,Y,R,34,33,0
3,B,0.786590752035636,5,W,R,80,90,1
3,B,0.491038668389251,4,Y,R,34,33,0
3,B,0.593441696962486,2,Y,L,34,33,0
3,B,0.412752456208864,2,Y,L,34,33,0
3,B,0.508360424240664,5,W,L,80,10,0
3,B,0.873007240933816,5,Y,R,80,10,0
3,B,0.736528858576435,1,Y,R,80,90,1
3,B,1.10380734909722,2,Y,L,34,33,0
3,B,0.796664663642105,2,Y,L,34,33,0
3,B,0.945171709280885,4,W,L,34,33,0
3,B,1.46364570501464,4,Y,L,34,67,1
3,B,0.707584652825744,5,Y,R,80,10,0
3,B,1.03754919929088,2,Y,R,34,67,1
3,B,0.771687347895295,2,W,R,34,33,0
3,B,0.653374395336868,5,W,L,80,10,0
3,B,0.569544211759876,5,W,L,80,10,0
3,B,0.673933840098471,1,Y,L,80,10,0
3,B,0.663820268605605,1,Y,L,80,10,0
3,B,0.530042063515793,2,Y,L,34,33,0
3,B,3.46385211669622,2,W,R,34,33,0
3,B,0.536257248445054,1,Y,L,80,10,0
3,B,0.578663281555237,1,W,R,80,10,0
3,B,0.560068803893955,5,Y,R,80,10,0
3,B,0.772179791485087,5,Y,R,80,10,0
4,B,0.872965778325124,5,Y,L,80,90,1
4,B,0.871532614247371,5,W,R,80,90,1
4,B,1.17346783643279,4,W,R,34,67,1
4,B,0.691919298140419,4,W,R,34,67,1
4,B,0.592668329177286,5,Y,L,80,90,1
4,B,0.527573836493502,4,Y,L,34,67,1
4,B,0.655248324970671,4,W,R,34,67,1
4,B,0.569496439623435,5,W,R,80,90,1
4,B,0.686408677102918,1,Y,R,80,90,1
4,B,0.542060811826559,5,Y,L,80,90,1
4,B,0.719722681248641,4,Y,L,34,67,1
4,B,0.645673767388871,5,W,R,80,90,1
4,B,0.591881140521764,4,Y,L,34,67,1
4,B,0.553366583540992,2,Y,R,34,67,1
4,B,0.569933900189426,5,W,R,80,90,1
4,B,0.542304479764425,2,Y,R,34,67,1
4,B,0.639788180151299,2,W,L,34,67,1
4,B,0.541796713037002,5,W,R,80,90,1
4,B,0.739879518072485,5,Y,L,80,90,1
4,B,1.18596971426814,5,W,R,80,90,1
4,B,0.542522008232481,2,W,L,34,67,1
4,B,0.576292701979582,2,Y,R,34,67,1
4,B,0.553560676621601,4,W,R,34,67,1
4,B,0.469070696752169,5,Y,L,80,90,1
4,B,0.652872036775079,5,W,R,80,90,1
4,B,0.790628849562381,2,Y,R,34,67,1
4,B,0.586013280052612,5,Y,L,80,90,1
4,B,0.541881440975885,5,Y,L,80,90,1
4,B,0.56954751675039,5,W,R,80,90,1
4,B,0.560064897996199,1,Y,R,80,90,1
4,B,0.72649130186619,2,W,L,34,67,1
4,B,0.493313102785578,4,W,R,34,67,1
4,B,0.527030315776756,2,W,L,34,67,1
4,B,1.56041853198258,1,Y,R,80,90,1
4,B,0.496798966439201,2,Y,R,34,67,1
4,B,0.603030075413699,1,Y,R,80,90,1
4,B,0.703021963164247,1,W,L,80,90,1
4,B,0.612184298290231,4,Y,L,34,67,1
4,B,0.552654207854175,1,W,L,80,90,1
4,B,0.546111227953588,5,Y,L,80,90,1
4,B,0.591007421206086,5,Y,L,80,90,1
4,B,0.720588889222199,5,W,R,80,90,1
4,B,0.760676321245228,5,Y,L,80,90,1
4,B,0.546182735931325,5,W,R,80,90,1
4,B,0.478862782802025,1,W,L,80,90,1
4,B,0.494510110265765,5,W,R,80,90,1
5,B,1.37259892437584,4,Y,L,34,67,1
5,B,1.087430820539,4,Y,L,34,67,1
5,B,2.06237448547307,4,W,R,34,67,1
5,B,1.25338881711377,5,W,R,80,90,1
5,B,2.05524441907278,4,W,R,34,67,1
5,B,1.60881320794397,4,W,R,34,67,1
5,B,1.45841901270921,1,Y,R,80,90,1
5,B,1.3725718835442,2,W,L,34,67,1
5,B,0.920325691794687,4,W,R,34,67,1
5,B,0.587609890935369,4,W,R,34,67,1
5,B,0.812007331069935,2,W,L,34,67,1
5,B,0.723376798966456,1,Y,R,80,90,1
5,B,1.15736472072831,2,Y,R,34,67,1
5,B,1.67861911486341,5,W,R,80,90,1
5,B,0.91967551002017,5,W,R,80,90,1
5,B,0.692380494546796,5,W,R,80,90,1
5,B,0.922178289216845,4,Y,L,34,67,1
5,B,0.75351350539313,5,Y,L,80,90,1
5,B,0.724440104557971,1,W,L,80,90,1
5,B,0.942092059009155,2,W,L,34,67,1
5,B,0.719957936483979,5,Y,L,80,90,1
5,B,0.853075443920261,2,W,L,34,67,1
5,B,0.854923234083344,4,W,R,34,67,1
5,B,1.52057176336257,1,W,L,80,90,1
5,B,0.929668900039132,2,Y,R,34,67,1
5,B,0.702403629480386,5,W,R,80,90,1
5,B,0.738175645224374,4,Y,L,34,67,1
5,B,0.754180813027688,4,W,R,34,67,1
5,B,1.42354565393748,5,Y,L,80,90,1
5,B,0.669351620947737,5,W,R,80,90,1
5,B,0.669529789982789,1,Y,R,80,90,1
5,B,0.502796322447011,2,Y,R,34,67,1
5,B,0.654007751704967,4,W,R,34,67,1
5,B,1.09056695610388,1,W,L,80,90,1
5,B,0.703353964486269,4,Y,L,34,67,1
5,B,0.595926148484068,1,Y,R,80,90,1
5,B,0.653256317038768,2,Y,R,34,67,1
5,B,0.72731604723117,5,W,R,80,90,1
5,B,0.653522519003673,5,Y,L,80,90,1
5,B,0.728059670102084,5,W,R,80,90,1
5,B,2.05864224979723,5,Y,L,80,90,1
5,B,0.819588678905347,4,Y,L,34,67,1
6,B,1.6971051287444,1,W,L,80,90,1
6,B,0.953502088153101,4,Y,R,34,33,0
6,B,0.745961301565359,5,Y,L,80,90,1
6,B,1.61327825015775,2,W,L,34,67,1
6,B,0.952867830423941,2,Y,R,34,67,1
6,B,0.846474776913141,5,W,R,80,90,1
6,B,0.602742541237262,4,Y,L,34,67,1
6,B,0.889915572514496,2,Y,R,34,67,1
6,B,0.902902683051423,5,W,R,80,90,1
6,B,0.920554036595263,4,W,R,34,67,1
6,B,0.961836372923074,2,Y,R,34,67,1
6,B,1.69477420905571,4,W,L,34,33,0
6,B,0.907453655019083,5,W,R,80,90,1
6,B,0.602609740708431,2,Y,R,34,67,1
6,B,1.89373433885169,5,Y,L,80,90,1
6,B,1.00343628879614,4,W,R,34,67,1
6,B,0.725496199260874,4,W,R,34,67,1
6,B,0.819856984045828,1,W,L,80,90,1
6,B,0.936314034191696,4,Y,L,34,67,1
6,B,0.909723582609786,2,W,L,34,67,1
6,B,0.692290959348611,1,Y,R,80,90,1
6,B,2.36281134513115,2,Y,R,34,67,1
6,B,0.636547787158634,2,Y,R,34,67,1
6,B,1.1872177988763,4,Y,L,34,67,1
6,B,0.636280082925168,2,W,L,34,67,1
6,B,0.747186551693062,2,W,L,34,67,1
6,B,0.939771354745631,2,Y,R,34,67,1
6,B,0.827233122014377,5,Y,L,80,90,1
6,B,1.40347594868263,2,Y,R,34,67,1
6,B,1.07290448577351,1,W,L,80,90,1
6,B,1.35400024036289,5,Y,L,80,90,1
6,B,0.721458402187409,4,W,R,34,67,1
6,B,0.837229817023626,5,W,R,80,90,1
6,B,0.962028362827823,4,Y,L,34,67,1
6,B,1.43003905897899,2,W,L,34,67,1
6,B,1.44581558152822,1,W,L,80,90,1
6,B,0.986667367725204,1,W,L,80,90,1
6,B,0.556876183036593,5,W,R,80,90,1
6,B,1.79708740197702,4,Y,R,34,33,0
6,B,0.579149115164,5,Y,L,80,90,1
6,B,0.543422467926575,1,Y,R,80,90,1
7,B,0.810428747407968,1,Y,L,80,10,0
7,B,0.553073040290656,5,Y,L,80,90,1
7,B,1.0699086620798,1,W,R,80,10,0
7,B,0.472675840519514,1,Y,L,80,10,0
7,B,0.554998347504807,2,W,L,34,67,1
7,B,0.519239251269937,1,Y,L,80,10,0
7,B,0.419941411530999,1,Y,R,80,90,1
7,B,0.321767268575059,5,W,R,80,90,1
7,B,0.502754859838205,4,Y,R,34,33,0
7,B,0.409109154823454,1,Y,L,80,10,0
7,B,0.509952528317626,1,Y,L,80,10,0
7,B,0.377420304660518,4,W,L,34,33,0
7,B,0.521970675720695,2,Y,L,34,33,0
7,B,0.409452573386261,1,W,L,80,90,1
7,B,0.385796352492434,1,W,R,80,10,0
7,B,0.392862422257167,2,Y,L,34,33,0
7,B,0.569565844425597,1,W,R,80,10,0
7,B,0.569354625484266,2,Y,L,34,33,0
7,B,0.609420424841119,1,W,R,80,10,0
7,B,0.48014662139758,1,Y,L,80,10,0
7,B,0.52901331009798,1,W,L,80,90,1
7,B,0.458061172369526,2,W,R,34,33,0
7,B,0.407596971426756,1,W,R,80,10,0
7,B,0.395012769281493,2,W,R,34,33,0
7,B,0.455953790223248,5,Y,L,80,90,1
7,B,0.456601267914266,5,W,R,80,90,1
7,B,0.42068623621708,2,Y,R,34,67,1
7,B,0.619363338641961,5,W,L,80,10,0
7,B,1.03121623651714,5,Y,L,80,90,1
7,B,0.469349818225055,5,W,L,80,10,0
7,B,0.436099510259737,2,Y,R,34,67,1
7,B,0.419317669681732,2,W,R,34,33,0
7,B,0.386192350449164,1,W,R,80,10,0
7,B,0.468921972178578,2,W,R,34,33,0
7,B,0.495322236577522,1,W,R,80,10,0
7,B,0.486464861941386,2,Y,L,34,33,0
7,B,0.454367995673238,5,W,R,80,90,1
7,B,0.470261695159934,5,W,R,80,90,1
7,B,0.459994591833492,1,W,R,80,10,0
7,B,0.427202776191734,1,W,R,80,10,0
7,B,0.371196707027593,2,W,R,34,33,0
7,B,0.405298200282232,4,W,R,34,67,1
7,B,0.541637472583716,1,W,R,80,10,0
7,B,0.503116305621916,4,W,R,34,67,1
7,B,0.620714478862283,2,Y,L,34,33,0
7,B,0.419287323858953,2,Y,L,34,33,0
8,B,2.63858456269008,2,W,R,34,33,0
8,B,2.24227593666365,5,Y,L,80,90,1
8,B,0.856896313433026,4,W,R,34,67,1
8,B,1.68708349607914,5,W,L,80,10,0
8,B,1.1036234714411,4,W,L,34,33,0
8,B,1.06314845416637,4,Y,R,34,33,0
8,B,1.35800078117973,4,W,R,34,67,1
8,B,1.87398702040082,2,Y,R,34,67,1
8,B,1.97599134693337,5,Y,R,80,10,0
8,B,2.47230868611587,1,Y,R,80,90,1
8,B,1.44567256557275,5,Y,L,80,90,1
8,B,1.49363819367318,4,W,L,34,33,0
8,B,1.51160682630689,1,Y,L,80,10,0
8,B,1.95834419974199,1,W,L,80,90,1
8,B,1.79487876693747,1,Y,L,80,10,0
8,B,1.30714328636168,5,W,R,80,90,1
8,B,0.653088663881135,1,W,L,80,90,1
8,B,2.12444250818771,5,Y,R,80,10,0
8,B,1.20380704864328,1,Y,L,80,10,0
8,B,2.12092299372125,5,W,L,80,10,0
8,B,1.40971757353509,2,Y,L,34,33,0
8,B,2.18865006159285,2,Y,R,34,67,1
8,B,2.179971757354,1,W,R,80,10,0
8,B,1.34861821350205,2,Y,L,34,33,0
8,B,0.813671844483906,4,Y,L,34,67,1
8,B,1.38147612895591,5,Y,L,80,90,1
8,B,1.17653066129787,2,Y,L,34,33,0
8,B,2.32139470600669,4,W,L,34,33,0
8,B,1.21141964366143,4,Y,R,34,33,0
8,B,0.879885527145234,1,Y,L,80,10,0
8,B,1.31466995162737,2,Y,L,34,33,0
8,B,1.87604993540299,4,W,L,34,33,0
8,B,0.897536880689586,4,W,L,34,33,0
8,B,1.29374094883133,4,W,L,34,33,0
8,B,0.903534236698761,2,Y,L,34,33,0
8,B,1.47300483730396,1,Y,L,80,10,0
8,B,1.2196520746329,5,W,L,80,10,0
8,B,0.97107622509975,4,W,L,34,33,0
8,B,0.942352251900957,5,Y,L,80,90,1
8,B,1.28725956193921,2,W,R,34,33,0
8,B,2.58807138779594,2,W,R,34,33,0
8,B,1.1721882041893,2,Y,L,34,33,0
8,B,0.770033350358062,2,Y,L,34,33,0
8,B,0.870067602079871,2,W,R,34,33,0
9,B,0.553154763692874,2,W,L,34,67,1
9,B,0.410673316708198,4,W,R,34,67,1
9,B,0.57030405912883,4,W,R,34,67,1
9,B,0.321608629030379,1,Y,R,80,90,1
9,B,0.419685725445561,5,Y,L,80,90,1
9,B,0.510099149715643,1,Y,R,80,90,1
9,B,0.712302376588923,5,W,R,80,90,1
9,B,0.652990715981105,2,Y,R,34,67,1
9,B,0.469752125709419,2,W,L,34,67,1
9,B,0.45768500435679,2,Y,R,34,67,1
9,B,0.519606706126069,5,Y,L,80,90,1
9,B,0.752955562899842,1,W,L,80,90,1
9,B,0.474239401495652,2,W,L,34,67,1
9,B,0.42649731093934,2,Y,R,34,67,1
9,B,0.519837154102788,1,W,L,80,90,1
9,B,0.544320824445094,2,W,L,34,67,1
9,B,0.546532163567463,5,W,R,80,90,1
9,B,0.41221614638107,4,W,R,34,67,1
9,B,0.486727158008762,5,W,R,80,90,1
9,B,0.453357569930631,5,Y,L,80,90,1
9,B,0.424598143195908,4,W,R,34,67,1
9,B,0.442140732506232,4,Y,L,34,67,1
9,B,0.74156536369901,2,Y,R,34,67,1
9,B,0.671008623020498,2,W,L,34,67,1
9,B,0.429446564312457,4,Y,L,34,67,1
9,B,0.522375086380634,5,Y,L,80,90,1
9,B,0.419113661629126,1,W,L,80,90,1
9,B,0.408839647868263,4,W,R,34,67,1
9,B,0.411403719616828,5,Y,L,80,90,1
9,B,0.593500585884613,4,Y,L,34,67,1
9,B,0.586268064777869,5,Y,L,80,90,1
9,B,0.523412252501657,5,W,R,80,90,1
9,B,0.419299342006525,5,W,R,80,90,1
9,B,0.527456659556265,1,W,L,80,90,1
9,B,0.604005648529892,1,Y,R,80,90,1
9,B,0.436768019710144,4,Y,L,34,67,1
9,B,0.524850524291651,4,Y,L,34,67,1
9,B,0.608058768741103,4,Y,L,34,67,1
9,B,0.458043746056319,4,Y,L,34,67,1
9,B,0.536214884475157,2,W,L,34,67,1
9,B,0.540015623590989,4,Y,L,34,67,1
9,B,0.674739957335987,5,W,R,80,90,1
9,B,0.528458973049055,1,W,L,80,90,1
9,B,0.555510921491077,5,Y,L,80,90,1
9,B,0.539411411230503,4,Y,L,34,67,1
10,B,2.99836973830486,4,W,L,34,33,0
10,B,0.778382056905912,4,Y,R,34,33,0
10,B,0.81898026019303,5,W,R,80,90,1
10,B,0.636093501186679,5,Y,L,80,90,1
10,B,0.808979358831948,2,Y,L,34,33,0
10,B,1.72795661448777,2,W,L,34,67,1
10,B,1.39490490640878,2,Y,L,34,33,0
10,B,1.25340263798353,5,W,R,80,90,1
10,B,0.671371871525935,1,Y,R,80,90,1
10,B,0.636794760087696,2,W,L,34,67,1
10,B,1.13627437430523,5,Y,L,80,90,1
10,B,0.539555028092536,1,W,L,80,90,1
10,B,0.619733798034986,2,Y,L,34,33,0
10,B,1.17304029083903,4,Y,L,34,67,1
10,B,0.5108295526245,5,Y,L,80,90,1
10,B,0.685966709731701,4,W,L,34,33,0
10,B,1.57926388847159,1,W,R,80,10,0
10,B,0.903150557341405,5,Y,R,80,10,0
10,B,0.729809812817393,4,Y,R,34,33,0
10,B,0.575910825346227,2,W,L,34,67,1
10,B,1.78014391731517,2,Y,L,34,33,0
10,B,0.536428507045684,2,W,L,34,67,1
10,B,0.627168824925775,5,W,L,80,10,0
10,B,1.70402157257467,5,W,L,80,10,0
10,B,0.656625604663077,4,W,L,34,33,0
10,B,0.603104587927646,1,Y,L,80,10,0
10,B,1.03665324640201,1,W,R,80,10,0
10,B,0.879427936183674,4,W,L,34,33,0
10,B,0.741100862302119,5,Y,R,80,10,0
10,B,0.708490220232761,5,W,L,80,10,0
10,B,0.636308025118069,2,Y,R,34,67,1
10,B,0.560325391340939,5,W,L,80,10,0
10,B,0.613419162936225,4,W,L,34,33,0
10,B,0.558848961932654,2,W,L,34,67,1
10,B,0.771229456479432,5,W,L,80,10,0
10,B,0.553096475678103,2,W,L,34,67,1
10,B,1.25406754198821,2,W,R,34,33,0
10,B,1.85400715079732,1,Y,L,80,10,0
10,B,0.786225400354397,2,W,L,34,67,1
10,B,0.839052068623459,2,Y,L,34,33,0
10,B,1.52008532884656,4,Y,L,34,67,1
10,B,1.33681008322583,2,Y,L,34,33,0
10,B,0.540874019769944,2,W,R,34,33,0
10,B,1.76412703181813,1,Y,L,80,10,0
11,B,1.58733167082391,1,W,L,80,90,1
11,B,1.0538109545414,4,Y,L,34,67,1
11,B,1.47930625244226,4,Y,R,34,33,0
11,B,1.20489499143696,5,W,R,80,90,1
11,B,0.802981101462137,4,W,L,34,33,0
11,B,1.28885076465485,4,W,L,34,33,0
11,B,1.33693236787622,2,Y,R,34,67,1
11,B,0.924049214314437,2,W,R,34,33,0
11,B,1.5476050836769,5,Y,L,80,90,1
11,B,0.746450139711669,4,W,R,34,67,1
11,B,0.869752125709056,4,W,L,34,33,0
11,B,1.20259712165353,4,W,L,34,33,0
11,B,1.32338581257682,4,Y,R,34,33,0
11,B,0.803095874769497,4,Y,L,34,67,1
11,B,0.740697653456664,5,W,R,80,90,1
11,B,0.752770483428321,5,Y,R,80,10,0
11,B,1.00870594597836,5,W,L,80,10,0
11,B,1.18608418712211,4,Y,R,34,33,0
11,B,1.3951807228932,5,Y,R,80,10,0
11,B,0.736257849352114,1,Y,R,80,90,1
11,B,1.68186040921682,5,W,L,80,10,0
11,B,1.18659075203504,4,Y,R,34,33,0
11,B,0.724269446865947,5,Y,L,80,90,1
11,B,1.16985217678666,2,Y,R,34,67,1
11,B,0.708376348286038,2,Y,R,34,67,1
11,B,1.8539095033484,2,W,R,34,33,0
11,B,0.969399993991829,1,W,L,80,90,1
11,B,1.09550611423219,5,W,L,80,10,0
11,B,0.819034642310726,2,W,L,34,67,1
11,B,0.760342517200115,1,W,R,80,10,0
11,B,0.775131748940112,2,Y,R,34,67,1
11,B,0.694522729321761,2,W,R,34,33,0
11,B,0.746942583300552,1,W,R,80,10,0
11,B,0.744733647807152,2,Y,L,34,33,0
11,B,0.638937295316282,5,W,R,80,90,1
11,B,0.596366914040118,5,W,L,80,10,0
11,B,0.728933088965277,4,W,L,34,33,0
11,B,0.707501727609269,5,Y,R,80,10,0
11,B,1.24581858606325,5,W,L,80,10,0
11,B,0.78827539584745,1,W,L,80,90,1
11,B,0.743862332121353,1,W,R,80,10,0
11,B,0.70472793918816,4,Y,R,34,33,0
11,B,0.886459153320175,1,W,L,80,90,1
11,B,0.778405792747435,2,W,L,34,67,1
11,B,1.37213322116258,5,W,R,80,90,1
11,B,0.938642850705946,5,Y,R,80,10,0
11,B,0.912654808760635,5,Y,R,80,10,0
11,B,0.71922603130588,2,Y,R,34,67,1
11,B,0.744372202025261,1,Y,L,80,10,0
11,B,0.663846107623613,1,Y,L,80,10,0
11,B,0.612006429708345,2,Y,R,34,67,1
11,B,0.89371210527861,1,W,R,80,10,0
11,B,1.43726647237236,5,W,R,80,90,1
11,B,0.636750593397664,4,W,L,34,33,0
11,B,1.19617252050739,4,Y,R,34,33,0
12,B,0.903926028302749,5,W,R,80,90,1
12,B,1.05340474115911,4,W,R,34,67,1
12,B,0.656497911846884,4,Y,L,34,67,1
12,B,1.00352762671633,2,Y,R,34,67,1
12,B,0.511145028993781,2,W,L,34,67,1
12,B,0.502607036625307,1,W,L,80,90,1
12,B,0.647132169576025,5,Y,L,80,90,1
12,B,0.757131869122418,4,W,R,34,67,1
12,B,1.44840639365441,5,W,R,80,90,1
12,B,1.42117237027912,5,Y,R,80,10,0
12,B,1.50346663461823,5,W,R,80,90,1
12,B,1.21161163356669,5,Y,L,80,90,1
12,B,0.736197458161882,5,Y,L,80,90,1
12,B,1.79578283207638,4,Y,L,34,67,1
12,B,0.538809001592426,5,Y,L,80,90,1
12,B,0.539828140492318,5,Y,L,80,90,1
12,B,0.602672535528654,1,W,L,80,90,1
12,B,0.597188654868887,2,Y,R,34,67,1
12,B,0.771362857915619,1,W,L,80,90,1
12,B,0.486765916534068,1,W,L,80,90,1
12,B,0.569224228584972,4,W,R,34,67,1
12,B,0.460186882192147,5,Y,L,80,90,1
12,B,0.472372081843559,2,W,L,34,67,1
12,B,0.404596040020351,1,W,L,80,90,1
12,B,0.869926388847261,2,Y,R,34,67,1
12,B,0.437561217438315,4,Y,L,34,67,1
12,B,0.906279782471529,2,Y,R,34,67,1
12,B,0.519169245560761,5,Y,L,80,90,1
12,B,0.644786828110455,1,Y,R,80,90,1
12,B,0.836566415287052,2,W,L,34,67,1
12,B,0.536099810714177,2,Y,R,34,67,1
12,B,0.524369497941962,2,Y,R,34,67,1
12,B,0.85696061052181,4,Y,L,34,67,1
12,B,0.696787549199371,4,Y,L,34,67,1
12,B,1.17006039119065,2,Y,R,34,67,1
12,B,0.519535498602863,4,W,R,34,67,1
12,B,0.435705615479492,2,W,L,34,67,1
12,B,0.440112369678218,4,Y,L,34,67,1
12,B,0.469493735540482,2,Y,R,34,67,1
12,B,0.602918306643005,4,W,R,34,67,1
12,B,1.54515939068006,4,Y,L,34,67,1
12,B,0.569494937355557,4,W,R,34,67,1
12,B,0.646168314154238,1,W,L,80,90,1
12,B,0.562610642069558,5,W,R,80,90,1
12,B,0.519731995312668,5,Y,L,80,90,1
12,B,0.504376107922781,2,W,L,34,67,1
12,B,0.557257759216554,5,Y,L,80,90,1
12,B,0.542705284980457,4,Y,L,34,67,1
12,B,1.17779376859016,2,Y,R,34,67,1
12,B,0.827306733167006,2,W,L,34,67,1
13,B,0.914076856051906,1,Y,R,80,90,1
13,B,0.919905957996889,1,Y,R,80,90,1
13,B,0.819918877505188,1,W,L,80,90,1
13,B,0.588483309797084,5,Y,L,80,90,1
13,B,0.502656911938175,2,W,L,34,67,1
13,B,0.627676591653653,4,W,R,34,67,1
13,B,0.603406844335041,1,Y,R,80,90,1
13,B,0.620095243817559,5,Y,L,80,90,1
13,B,0.928631733917427,5,Y,L,80,90,1
13,B,0.669099540305979,4,Y,L,34,67,1
13,B,0.686949493736392,5,W,R,80,90,1
13,B,0.652684553677318,5,W,R,80,90,1
13,B,0.689915272059807,4,W,R,34,67,1
13,B,1.73708229426484,1,W,L,80,90,1
13,B,0.60255986539778,2,W,L,34,67,1
13,B,0.769492233272103,1,Y,R,80,90,1
13,B,0.686171619145171,2,W,L,34,67,1
13,B,1.22288135083909,1,Y,R,80,90,1
13,B,1.89615118829533,1,W,L,80,90,1
13,B,1.15376678784924,4,Y,R,34,33,0
13,B,0.889465492893578,2,W,L,34,67,1
13,B,1.13660036655347,5,W,L,80,10,0
13,B,1.14346302917329,1,Y,R,80,90,1
13,B,0.859144908812596,5,Y,R,80,10,0
13,B,0.911373373794049,2,Y,L,34,33,0
13,B,1.15415497401045,2,Y,L,34,33,0
13,B,1.09774028783431,2,Y,L,34,33,0
13,B,0.910675720338986,2,W,R,34,33,0
13,B,0.893088363427523,5,Y,R,80,10,0
13,B,0.647115344168924,4,W,L,34,33,0
13,B,0.61935312321657,5,Y,R,80,10,0
13,B,0.619718474898036,4,Y,R,34,33,0
13,B,0.919558032628629,2,W,R,34,33,0
13,B,0.543548057567023,4,Y,R,34,33,0
13,B,0.535721539523365,4,Y,R,34,33,0
13,B,0.488606495808199,5,Y,R,80,10,0
13,B,1.07702220352621,2,W,R,34,33,0
13,B,0.645069855481779,4,W,L,34,33,0
13,B,0.720262596520115,1,Y,L,80,10,0
13,B,0.602911696661977,5,Y,R,80,10,0
13,B,0.524572905087552,4,Y,R,34,33,0
13,B,0.655121233061436,2,W,R,34,33,0
13,B,1.02023435387491,1,Y,L,80,10,0
13,B,0.622117597573379,4,W,L,34,33,0
13,B,1.17537962323149,5,W,L,80,10,0
13,B,0.561108974552553,5,Y,R,80,10,0
13,B,1.43840128594093,2,Y,L,34,33,0
13,B,0.823343448606465,2,Y,L,34,33,0
13,B,0.936966619596205,1,Y,L,80,10,0
13,B,1.07002884355279,1,Y,L,80,10,0
13,B,0.591004717123724,2,Y,L,34,33,0
13,B,0.775607667577788,5,Y,R,80,10,0
13,B,0.626717843944789,1,Y,L,80,10,0
13,B,0.6377955713142,2,W,R,34,33,0
14,B,0.839763542950095,2,W,R,34,33,0
14,B,0.645854039597907,5,W,R,80,90,1
14,B,1.09209836853552,2,Y,L,34,33,0
14,B,0.853494576811499,5,Y,L,80,90,1
14,B,0.588076795964298,1,Y,R,80,90,1
14,B,0.569912868431857,2,Y,L,34,33,0
14,B,0.594854730643419,2,Y,R,34,67,1
14,B,0.519296637925436,2,W,L,34,67,1
14,B,0.690912778296479,2,Y,L,34,33,0
14,B,0.505446023496916,1,W,R,80,10,0
14,B,0.652816753296065,1,Y,R,80,90,1
14,B,0.663939248264796,2,Y,R,34,67,1
14,B,0.543901090648433,4,Y,L,34,67,1
14,B,0.491213532433903,1,W,R,80,10,0
14,B,0.823547757110646,4,W,L,34,33,0
14,B,0.50310308565895,4,Y,R,34,33,0
14,B,0.49683772496428,5,W,L,80,10,0
14,B,0.87628128473807,4,Y,R,34,33,0
14,B,0.641221945137659,5,W,L,80,10,0
14,B,0.571329207101371,5,W,L,80,10,0
14,B,0.614041702971008,5,Y,R,80,10,0
14,B,0.545197848754469,1,Y,R,80,90,1
14,B,0.560160742719745,5,W,L,80,10,0
14,B,0.575233903193293,5,Y,R,80,10,0
14,B,0.552848601386358,4,W,L,34,33,0
14,B,0.626624102394999,1,Y,R,80,90,1
14,B,0.664641108072829,4,W,R,34,67,1
14,B,0.586780939218443,4,Y,R,34,33,0
14,B,0.970289036446047,1,W,R,80,10,0
14,B,1.35862482348239,2,Y,R,34,67,1
14,B,0.502830574165273,5,Y,R,80,10,0
14,B,0.66955562899966,2,Y,L,34,33,0
14,B,0.791833969295112,2,W,R,34,33,0
14,B,0.568891325903678,1,W,R,80,10,0
14,B,1.06295946879982,1,W,R,80,10,0
14,B,0.538170237057784,1,W,R,80,10,0
14,B,1.5039055974521,4,Y,R,34,33,0
14,B,0.704325331251312,5,Y,R,80,10,0
14,B,1.01984136045212,1,Y,L,80,10,0
14,B,0.528428026318579,4,Y,R,34,33,0
14,B,1.29567016194414,4,W,L,34,33,0
14,B,0.786812787311646,2,W,R,34,33,0
14,B,0.523342847700405,5,Y,L,80,90,1
14,B,0.619688429527741,4,W,R,34,67,1
14,B,0.664400144218234,1,W,L,80,90,1
14,B,0.528941201213456,5,Y,L,80,90,1
14,B,0.773392723011057,1,Y,R,80,90,1
14,B,0.977923564583762,2,Y,R,34,67,1
14,B,0.524132439986715,1,Y,R,80,90,1
14,B,0.569752426163177,1,Y,R,80,90,1
14,B,0.536015683683218,1,W,L,80,90,1
14,B,0.696768320161937,1,Y,R,80,90,1
14,B,0.574567797371856,1,Y,R,80,90,1
14,B,0.561516389749158,1,Y,R,80,90,1
14,B,1.27213111798847,5,Y,L,80,90,1
14,B,1.14169485923776,1,Y,R,80,90,1
14,B,0.579658083708637,2,W,L,34,67,1
15,B,1.04279271700943,2,Y,R,34,67,1
15,B,0.595053630982875,4,W,R,34,67,1
15,B,0.642491662409157,4,Y,L,34,67,1
15,B,0.573324219571077,2,Y,R,34,67,1
15,B,0.535919238056522,4,W,R,34,67,1
15,B,0.668838145604241,1,W,L,80,90,1
15,B,0.919576059852261,5,W,R,80,90,1
15,B,0.786579635256203,1,W,L,80,90,1
15,B,0.657671784385457,5,Y,L,80,90,1
15,B,0.89461917495646,2,W,L,34,67,1
15,B,0.736341075025848,2,W,L,34,67,1
15,B,0.544980620732531,5,Y,L,80,90,1
15,B,0.620177267672261,5,Y,L,80,90,1
15,B,0.638703542339499,1,Y,R,80,90,1
15,B,0.52882432473416,1,W,L,80,90,1
15,B,0.702888561732834,1,Y,R,80,90,1
15,B,0.56962563470006,4,W,R,34,67,1
15,B,0.669721178986947,5,Y,L,80,90,1
15,B,1.58111588498286,2,Y,R,34,67,1
15,B,0.669470600609202,4,Y,L,34,67,1
15,B,0.52306222396146,5,Y,L,80,90,1
15,B,0.669337499624817,2,Y,R,34,67,1
15,B,1.14448096624983,5,Y,L,80,90,1
15,B,0.603219661701587,5,Y,L,80,90,1
15,B,0.675936664367327,1,W,L,80,90,1
15,B,0.980654989019968,4,W,R,34,67,1
15,B,0.619645164188114,5,W,R,80,90,1
15,B,0.65286031908181,5,W,R,80,90,1
15,B,0.958845957400627,2,W,L,34,67,1
15,B,0.546511732711224,5,Y,L,80,90,1
15,B,0.503736141574336,5,Y,L,80,90,1
15,B,0.536387645348441,4,Y,L,34,67,1
15,B,0.58659616021032,4,Y,L,34,67,1
15,B,0.522823663719464,4,W,R,34,67,1
15,B,0.523307995070354,5,Y,L,80,90,1
15,B,0.753199831742677,2,W,L,34,67,1
15,B,1.0266610582039,1,Y,R,80,90,1
15,B,0.658303938951576,4,Y,L,34,67,1
15,B,0.752806237418554,4,W,R,34,67,1
15,B,0.611763663138845,4,W,R,34,67,1
15,B,0.78926719345327,1,W,L,80,90,1
15,B,0.658988071983913,1,Y,R,80,90,1
15,B,0.524689180660062,1,W,L,80,90,1
15,B,0.744331941241398,2,Y,R,34,67,1
15,B,0.653488868192653,5,W,R,80,90,1
15,B,0.47072559564549,1,Y,R,80,90,1
15,B,0.923316407774109,1,Y,R,80,90,1
15,B,0.829462187903118,1,W,L,80,90,1
15,B,1.13623651713715,4,Y,L,34,67,1
